,BidPrice,BidSize,AskPrice,AskSize,Last,Ticker
0,221.47,6,221.5,4,221.48,AAPL
0,1829.26,6,1830.38,1,1830.0,AMZN
0,44.29,226,44.3,174,44.29,BP
0,72.6,12,72.61,4,72.61,COP
0,81.26,71,81.27,21,81.26,XOM
1,221.49,1,221.5,6,221.48,AAPL
1,1829.41,1,1830.49,1,1830.0,AMZN
1,44.29,281,44.3,203,44.29,BP
1,72.59,7,72.6,8,72.61,COP
1,81.26,88,81.27,42,81.26,XOM
2,221.52,1,221.53,3,221.52,AAPL
2,1829.26,15,1830.42,1,1830.3,AMZN
2,44.29,279,44.3,204,44.29,BP
2,72.58,16,72.6,8,72.61,COP
2,81.25,97,81.26,16,81.25,XOM
3,221.49,14,221.53,5,221.51,AAPL
3,1829.41,9,1830.61,1,1830.22,AMZN
3,44.28,516,44.29,116,44.29,BP
3,72.58,16,72.6,8,72.61,COP
3,81.25,104,81.26,13,81.25,XOM
4,221.47,2,221.51,5,221.48,AAPL
4,1829.26,15,1830.79,2,1830.22,AMZN
4,44.28,539,44.29,257,44.29,BP
4,72.58,17,72.6,8,72.61,COP
4,81.25,46,81.26,14,81.25,XOM
5,221.51,9,221.53,3,221.52,AAPL
5,1829.43,1,1831.0,8,1830.22,AMZN
5,44.28,541,44.29,256,44.29,BP
5,72.6,1,72.61,11,72.6,COP
5,81.25,65,81.26,16,81.25,XOM
6,221.49,7,221.51,5,221.51,AAPL
6,1830.0,5,1831.0,8,1830.22,AMZN
6,44.28,540,44.29,261,44.28,BP
6,72.6,4,72.61,11,72.6,COP
6,81.25,71,81.26,25,81.26,XOM
7,221.47,7,221.51,6,221.5,AAPL
7,1830.01,2,1831.11,1,1831.0,AMZN
7,44.29,144,44.3,269,44.29,BP
7,72.62,6,72.63,12,72.62,COP
7,81.25,95,81.26,31,81.26,XOM
8,221.47,8,221.49,4,221.48,AAPL
8,1830.01,3,1831.11,1,1831.0,AMZN
8,44.29,175,44.3,269,44.29,BP
8,72.62,6,72.63,11,72.62,COP
8,81.25,100,81.26,31,81.26,XOM
9,221.47,4,221.49,2,221.47,AAPL
9,1830.01,3,1831.11,1,1831.0,AMZN
9,44.29,175,44.3,269,44.29,BP
9,72.62,6,72.64,24,72.63,COP
9,81.25,106,81.26,33,81.26,XOM
10,221.48,6,221.51,1,221.49,AAPL
10,1830.25,2,1831.11,1,1831.0,AMZN
10,44.29,94,44.3,133,44.3,BP
10,72.62,16,72.64,19,72.63,COP
10,81.26,37,81.27,35,81.26,XOM
11,221.47,6,221.49,3,221.49,AAPL
11,1830.24,1,1831.11,1,1831.11,AMZN
11,44.29,93,44.3,147,44.3,BP
11,72.62,18,72.63,4,72.62,COP
11,81.26,40,81.27,42,81.26,XOM
12,221.49,7,221.51,4,221.5,AAPL
12,1830.25,1,1831.72,1,1831.11,AMZN
12,44.29,93,44.3,147,44.3,BP
12,72.62,18,72.63,4,72.63,COP
12,81.27,47,81.28,32,81.27,XOM
13,221.47,6,221.51,4,221.5,AAPL
13,1830.25,1,1831.72,1,1831.11,AMZN
13,44.29,93,44.3,147,44.3,BP
13,72.62,18,72.64,23,72.63,COP
13,81.27,47,81.28,44,81.27,XOM
14,221.43,6,221.46,2,221.47,AAPL
14,1830.47,3,1831.66,9,1831.07,AMZN
14,44.29,94,44.3,158,44.3,BP
14,72.6,11,72.62,10,72.6,COP
14,81.25,21,81.26,14,81.26,XOM
15,221.43,4,221.46,5,221.45,AAPL
15,1830.47,3,1831.66,14,1831.07,AMZN
15,44.29,97,44.3,150,44.3,BP
15,72.6,12,72.62,10,72.6,COP
15,81.25,43,81.26,38,81.26,XOM
16,221.46,2,221.48,1,221.46,AAPL
16,1830.47,10,1831.67,2,1831.07,AMZN
16,44.29,113,44.3,165,44.3,BP
16,72.6,16,72.62,12,72.6,COP
16,81.25,61,81.26,60,81.26,XOM
17,221.49,1,221.51,6,221.49,AAPL
17,1830.61,10,1831.8,2,1831.07,AMZN
17,44.29,138,44.3,166,44.3,BP
17,72.62,2,72.64,26,72.62,COP
17,81.26,111,81.27,46,81.27,XOM
18,221.48,1,221.49,1,221.49,AAPL
18,1830.58,1,1832.0,1,1831.07,AMZN
18,44.29,155,44.3,215,44.3,BP
18,72.62,5,72.64,29,72.62,COP
18,81.26,113,81.27,46,81.27,XOM
19,221.49,6,221.51,11,221.49,AAPL
19,1830.7,2,1832.0,3,1831.07,AMZN
19,44.29,155,44.3,211,44.3,BP
19,72.62,14,72.64,35,72.64,COP
19,81.27,15,81.28,70,81.27,XOM
20,221.49,1,221.51,10,221.49,AAPL
20,1830.7,2,1832.0,3,1831.07,AMZN
20,44.29,155,44.3,211,44.3,BP
20,72.62,14,72.64,35,72.64,COP
20,81.27,28,81.28,66,81.27,XOM
21,221.47,6,221.5,2,221.52,AAPL
21,1830.66,1,1831.88,1,1832.0,AMZN
21,44.29,170,44.3,212,44.3,BP
21,72.63,3,72.64,35,72.64,COP
21,81.27,33,81.28,67,81.27,XOM
22,221.53,8,221.55,1,221.55,AAPL
22,1830.93,8,1832.0,5,1832.0,AMZN
22,44.3,161,44.31,141,44.3,BP
22,72.63,3,72.64,35,72.64,COP
22,81.28,11,81.29,53,81.28,XOM
23,221.47,9,221.5,2,221.5,AAPL
23,1831.33,2,1832.17,1,1831.33,AMZN
23,44.3,159,44.31,186,44.3,BP
23,72.63,5,72.64,35,72.64,COP
23,81.26,148,81.27,28,81.27,XOM
24,221.49,1,221.51,2,221.5,AAPL
24,1831.33,2,1832.37,1,1831.33,AMZN
24,44.3,160,44.31,186,44.3,BP
24,72.63,8,72.64,35,72.64,COP
24,81.26,199,81.27,44,81.27,XOM
25,221.53,6,221.56,12,221.55,AAPL
25,1831.33,10,1832.37,1,1831.33,AMZN
25,44.3,161,44.31,197,44.3,BP
25,72.64,11,72.65,29,72.64,COP
25,81.27,57,81.28,30,81.27,XOM
26,221.52,6,221.56,13,221.54,AAPL
26,1831.33,14,1832.37,2,1831.33,AMZN
26,44.3,164,44.31,206,44.3,BP
26,72.64,10,72.65,29,72.64,COP
26,81.27,76,81.28,31,81.27,XOM
27,221.52,5,221.55,2,221.55,AAPL
27,1831.33,14,1832.37,2,1831.33,AMZN
27,44.3,164,44.31,206,44.3,BP
27,72.65,17,72.66,34,72.65,COP
27,81.27,75,81.28,33,81.27,XOM
28,221.46,12,221.49,5,221.49,AAPL
28,1831.33,14,1832.37,10,1832.04,AMZN
28,44.3,161,44.31,227,44.3,BP
28,72.63,13,72.65,6,72.64,COP
28,81.26,219,81.27,35,81.27,XOM
29,221.53,5,221.56,17,221.55,AAPL
29,1831.41,2,1832.37,8,1832.04,AMZN
29,44.3,169,44.31,228,44.31,BP
29,72.63,17,72.65,14,72.64,COP
29,81.27,114,81.28,42,81.28,XOM
30,221.53,6,221.56,12,221.53,AAPL
30,1831.33,11,1832.37,6,1832.08,AMZN
30,44.3,108,44.31,65,44.31,BP
30,72.63,10,72.65,8,72.64,COP
30,81.27,37,81.28,14,81.28,XOM
31,221.49,7,221.52,4,221.52,AAPL
31,1831.33,12,1832.37,6,1832.08,AMZN
31,44.3,108,44.31,65,44.31,BP
31,72.63,10,72.65,7,72.65,COP
31,81.27,39,81.28,14,81.28,XOM
32,221.51,9,221.54,8,221.52,AAPL
32,1831.33,13,1832.37,6,1832.08,AMZN
32,44.3,137,44.31,65,44.31,BP
32,72.63,12,72.65,7,72.65,COP
32,81.27,47,81.28,18,81.28,XOM
33,221.52,11,221.55,10,221.55,AAPL
33,1831.56,1,1832.37,9,1832.37,AMZN
33,44.3,131,44.31,65,44.31,BP
33,72.63,13,72.65,7,72.65,COP
33,81.27,63,81.28,18,81.28,XOM
34,221.52,11,221.55,10,221.55,AAPL
34,1831.56,1,1832.37,9,1832.37,AMZN
34,44.3,132,44.31,65,44.31,BP
34,72.63,12,72.65,8,72.65,COP
34,81.27,61,81.28,18,81.28,XOM
35,221.52,1,221.54,6,221.55,AAPL
35,1831.56,1,1832.37,9,1832.37,AMZN
35,44.3,131,44.31,65,44.31,BP
35,72.63,13,72.65,8,72.65,COP
35,81.27,68,81.28,17,81.28,XOM
36,221.52,1,221.54,7,221.55,AAPL
36,1831.56,1,1832.37,9,1832.37,AMZN
36,44.3,136,44.31,65,44.31,BP
36,72.63,13,72.65,8,72.63,COP
36,81.27,77,81.28,24,81.28,XOM
37,221.55,1,221.58,8,221.55,AAPL
37,1831.56,2,1832.37,9,1832.37,AMZN
37,44.3,143,44.31,64,44.31,BP
37,72.63,13,72.65,8,72.63,COP
37,81.27,84,81.28,23,81.28,XOM
38,221.57,6,221.59,10,221.55,AAPL
38,1832.0,1,1832.37,10,1832.0,AMZN
38,44.3,143,44.31,64,44.31,BP
38,72.63,13,72.65,8,72.63,COP
38,81.27,84,81.28,23,81.28,XOM
39,221.57,2,221.58,1,221.55,AAPL
39,1832.0,1,1832.94,1,1832.26,AMZN
39,44.31,206,44.32,121,44.31,BP
39,72.63,13,72.65,8,72.63,COP
39,81.27,88,81.28,33,81.27,XOM
40,221.59,3,221.61,5,221.59,AAPL
40,1832.02,1,1832.92,1,1832.26,AMZN
40,44.31,206,44.32,121,44.31,BP
40,72.63,13,72.65,8,72.63,COP
40,81.27,89,81.28,35,81.27,XOM
41,221.56,10,221.57,1,221.58,AAPL
41,1832.02,1,1832.94,1,1832.26,AMZN
41,44.31,206,44.32,121,44.31,BP
41,72.63,13,72.65,8,72.63,COP
41,81.26,74,81.27,19,81.27,XOM
42,221.53,3,221.55,2,221.53,AAPL
42,1832.02,2,1832.94,1,1832.48,AMZN
42,44.31,205,44.32,134,44.31,BP
42,72.64,12,72.65,5,72.65,COP
42,81.25,54,81.26,55,81.26,XOM
43,221.56,1,221.58,17,221.56,AAPL
43,1832.02,2,1832.92,1,1832.5,AMZN
43,44.31,243,44.32,183,44.32,BP
43,72.64,13,72.66,35,72.65,COP
43,81.25,54,81.26,55,81.26,XOM
44,221.54,5,221.57,2,221.56,AAPL
44,1832.03,1,1833.0,1,1832.5,AMZN
44,44.31,243,44.32,184,44.32,BP
44,72.64,29,72.66,36,72.66,COP
44,81.25,55,81.26,56,81.26,XOM
45,221.54,14,221.57,5,221.56,AAPL
45,1832.03,2,1833.55,1,1833.0,AMZN
45,44.31,243,44.32,183,44.32,BP
45,72.65,4,72.66,38,72.66,COP
45,81.25,68,81.26,71,81.26,XOM
46,221.45,5,221.47,6,221.47,AAPL
46,1831.4,1,1832.3,2,1831.88,AMZN
46,44.3,327,44.31,54,44.31,BP
46,72.64,35,72.65,8,72.64,COP
46,81.25,63,81.26,131,81.25,XOM
47,221.47,1,221.48,7,221.47,AAPL
47,1831.4,1,1832.92,1,1831.83,AMZN
47,44.3,356,44.31,50,44.31,BP
47,72.64,36,72.65,7,72.64,COP
47,81.25,63,81.26,133,81.25,XOM
48,221.43,6,221.48,11,221.47,AAPL
48,1831.4,1,1832.29,2,1831.83,AMZN
48,44.3,352,44.31,50,44.31,BP
48,72.64,37,72.65,6,72.64,COP
48,81.25,54,81.26,143,81.25,XOM
49,221.46,4,221.47,4,221.47,AAPL
49,1831.4,1,1832.29,2,1831.83,AMZN
49,44.3,351,44.31,50,44.31,BP
49,72.64,37,72.65,6,72.64,COP
49,81.25,68,81.26,141,81.25,XOM
50,221.46,5,221.48,7,221.47,AAPL
50,1831.4,1,1832.29,3,1831.83,AMZN
50,44.3,69,44.31,34,44.31,BP
50,72.64,39,72.66,18,72.66,COP
50,81.25,68,81.26,145,81.25,XOM
51,221.48,3,221.5,12,221.47,AAPL
51,1831.4,1,1832.29,3,1831.86,AMZN
51,44.3,69,44.31,34,44.31,BP
51,72.65,10,72.67,15,72.66,COP
51,81.25,23,81.26,27,81.25,XOM
52,221.48,13,221.53,7,221.51,AAPL
52,1831.4,1,1832.29,3,1831.86,AMZN
52,44.3,108,44.31,34,44.31,BP
52,72.64,26,72.66,10,72.66,COP
52,81.25,23,81.26,27,81.26,XOM
53,221.51,1,221.53,7,221.51,AAPL
53,1831.4,1,1832.03,2,1831.86,AMZN
53,44.3,135,44.31,65,44.31,BP
53,72.64,26,72.66,7,72.66,COP
53,81.25,23,81.26,29,81.26,XOM
54,221.53,1,221.55,9,221.51,AAPL
54,1831.4,1,1832.03,1,1831.86,AMZN
54,44.3,136,44.31,64,44.31,BP
54,72.64,27,72.66,7,72.66,COP
54,81.25,45,81.26,24,81.26,XOM
55,221.54,8,221.57,8,221.51,AAPL
55,1831.4,1,1831.99,2,1831.86,AMZN
55,44.3,136,44.31,65,44.31,BP
55,72.65,4,72.66,3,72.66,COP
55,81.25,46,81.26,25,81.26,XOM
56,221.55,1,221.57,9,221.55,AAPL
56,1831.4,1,1831.99,2,1831.86,AMZN
56,44.3,136,44.31,65,44.31,BP
56,72.65,4,72.66,3,72.65,COP
56,81.25,47,81.26,25,81.26,XOM
57,221.52,10,221.54,1,221.55,AAPL
57,1831.4,2,1831.94,3,1831.86,AMZN
57,44.3,133,44.31,67,44.31,BP
57,72.65,4,72.66,3,72.65,COP
57,81.25,53,81.26,27,81.26,XOM
58,221.47,16,221.5,3,221.51,AAPL
58,1830.47,6,1831.58,2,1831.4,AMZN
58,44.3,127,44.31,81,44.31,BP
58,72.63,17,72.64,3,72.63,COP
58,81.25,21,81.26,28,81.25,XOM
59,221.48,1,221.49,4,221.49,AAPL
59,1830.25,2,1831.58,3,1831.4,AMZN
59,44.3,127,44.31,96,44.31,BP
59,72.63,17,72.64,5,72.63,COP
59,81.25,21,81.26,28,81.25,XOM
60,221.49,10,221.52,7,221.5,AAPL
60,1831.0,1,1831.58,4,1831.4,AMZN
60,44.3,141,44.31,116,44.31,BP
60,72.63,19,72.64,5,72.63,COP
60,81.26,107,81.27,37,81.27,XOM
61,221.43,14,221.47,6,221.45,AAPL
61,1830.25,3,1831.41,4,1830.97,AMZN
61,44.3,150,44.31,158,44.31,BP
61,72.63,19,72.64,12,72.64,COP
61,81.26,22,81.27,77,81.26,XOM
62,221.43,13,221.46,1,221.47,AAPL
62,1830.25,4,1831.39,4,1830.97,AMZN
62,44.3,161,44.31,166,44.31,BP
62,72.63,21,72.64,12,72.64,COP
62,81.26,43,81.27,72,81.26,XOM
63,221.45,3,221.48,6,221.47,AAPL
63,1830.25,9,1831.38,2,1830.97,AMZN
63,44.3,160,44.31,209,44.31,BP
63,72.63,25,72.65,31,72.64,COP
63,81.26,75,81.27,76,81.26,XOM
64,221.46,1,221.48,6,221.47,AAPL
64,1830.25,11,1831.4,6,1830.97,AMZN
64,44.3,160,44.31,209,44.31,BP
64,72.64,19,72.65,1,72.66,COP
64,81.26,75,81.27,76,81.26,XOM
65,221.43,22,221.5,9,221.48,AAPL
65,1830.25,10,1831.39,3,1830.97,AMZN
65,44.29,130,44.3,107,44.3,BP
65,72.63,24,72.65,9,72.64,COP
65,81.26,107,81.27,18,81.26,XOM
66,221.4,11,221.42,1,221.43,AAPL
66,1830.0,10,1830.77,3,1830.97,AMZN
66,44.29,130,44.3,107,44.3,BP
66,72.63,24,72.65,9,72.64,COP
66,81.26,107,81.27,18,81.26,XOM
67,221.4,11,221.42,4,221.42,AAPL
67,1829.6,1,1830.59,1,1830.0,AMZN
67,44.29,130,44.3,108,44.3,BP
67,72.63,25,72.65,9,72.64,COP
67,81.25,58,81.26,10,81.26,XOM
68,221.39,35,221.41,7,221.4,AAPL
68,1829.0,6,1830.01,3,1829.87,AMZN
68,44.29,123,44.3,122,44.3,BP
68,72.62,14,72.63,3,72.63,COP
68,81.25,27,81.26,8,81.25,XOM
69,221.36,5,221.4,7,221.39,AAPL
69,1829.0,6,1830.01,3,1829.87,AMZN
69,44.29,124,44.3,122,44.3,BP
69,72.62,18,72.63,4,72.63,COP
69,81.25,27,81.26,17,81.25,XOM
70,221.36,8,221.39,4,221.39,AAPL
70,1829.0,6,1830.33,1,1829.87,AMZN
70,44.29,125,44.3,122,44.3,BP
70,72.62,17,72.63,5,72.63,COP
70,81.25,27,81.26,17,81.25,XOM
71,221.41,6,221.47,6,221.41,AAPL
71,1829.58,3,1831.46,1,1829.67,AMZN
71,44.29,70,44.3,60,44.3,BP
71,72.63,5,72.64,9,72.63,COP
71,81.25,39,81.26,8,81.26,XOM
72,221.41,8,221.46,6,221.45,AAPL
72,1829.43,1,1830.49,3,1829.67,AMZN
72,44.29,70,44.3,60,44.3,BP
72,72.63,7,72.64,9,72.63,COP
72,81.25,39,81.26,14,81.26,XOM
73,221.37,2,221.39,5,221.4,AAPL
73,1828.53,3,1829.67,1,1829.0,AMZN
73,44.29,70,44.3,61,44.3,BP
73,72.63,5,72.64,11,72.63,COP
73,81.25,37,81.26,29,81.25,XOM
74,221.29,9,221.32,6,221.29,AAPL
74,1827.77,2,1828.74,3,1827.87,AMZN
74,44.29,79,44.3,64,44.29,BP
74,72.61,9,72.62,5,72.62,COP
74,81.25,11,81.26,60,81.25,XOM
75,221.3,6,221.36,5,221.3,AAPL
75,1827.5,2,1828.6,4,1827.5,AMZN
75,44.29,81,44.3,147,44.29,BP
75,72.61,11,72.62,5,72.62,COP
75,81.25,4,81.26,74,81.25,XOM
76,221.31,4,221.34,2,221.36,AAPL
76,1827.0,1,1828.98,1,1827.53,AMZN
76,44.29,84,44.3,143,44.29,BP
76,72.61,26,72.63,22,72.62,COP
76,81.25,4,81.26,74,81.25,XOM
77,221.32,2,221.36,8,221.34,AAPL
77,1827.29,1,1829.14,1,1827.97,AMZN
77,44.29,102,44.3,179,44.29,BP
77,72.62,2,72.63,24,72.62,COP
77,81.25,11,81.26,76,81.26,XOM
78,221.32,4,221.36,9,221.34,AAPL
78,1827.29,2,1828.79,1,1827.97,AMZN
78,44.29,102,44.3,179,44.29,BP
78,72.62,6,72.64,12,72.62,COP
78,81.25,12,81.26,76,81.26,XOM
79,221.28,10,221.34,2,221.32,AAPL
79,1827.0,1,1828.03,2,1828.12,AMZN
79,44.29,102,44.3,206,44.29,BP
79,72.62,6,72.64,13,72.62,COP
79,81.25,12,81.26,81,81.25,XOM
80,221.27,16,221.32,6,221.27,AAPL
80,1827.0,1,1828.25,1,1827.79,AMZN
80,44.29,102,44.3,216,44.29,BP
80,72.62,10,72.64,13,72.62,COP
80,81.25,14,81.26,81,81.25,XOM
81,221.27,19,221.32,5,221.27,AAPL
81,1826.0,2,1828.25,1,1828.25,AMZN
81,44.29,102,44.3,216,44.29,BP
81,72.62,12,72.64,13,72.62,COP
81,81.25,14,81.26,81,81.25,XOM
82,221.23,1,221.26,5,221.25,AAPL
82,1826.0,2,1827.04,4,1828.25,AMZN
82,44.29,101,44.3,288,44.29,BP
82,72.62,15,72.64,15,72.62,COP
82,81.25,15,81.26,95,81.25,XOM
83,221.29,6,221.33,1,221.31,AAPL
83,1827.03,4,1828.26,4,1828.25,AMZN
83,44.29,80,44.3,301,44.29,BP
83,72.64,6,72.65,18,72.65,COP
83,81.25,4,81.26,96,81.25,XOM
84,221.35,8,221.4,13,221.36,AAPL
84,1827.03,3,1828.21,5,1828.25,AMZN
84,44.29,57,44.3,320,44.29,BP
84,72.64,1,72.65,18,72.65,COP
84,81.25,6,81.26,96,81.25,XOM
85,221.35,1,221.4,25,221.36,AAPL
85,1827.84,4,1828.89,1,1828.25,AMZN
85,44.29,87,44.3,324,44.3,BP
85,72.64,12,72.66,16,72.65,COP
85,81.27,18,81.28,37,81.27,XOM
86,221.39,1,221.41,1,221.4,AAPL
86,1828.47,5,1830.3,1,1829.0,AMZN
86,44.31,17,44.32,174,44.31,BP
86,72.64,16,72.66,19,72.66,COP
86,81.28,15,81.29,6,81.29,XOM
87,221.4,2,221.46,12,221.4,AAPL
87,1826.24,1,1828.5,2,1828.0,AMZN
87,44.3,212,44.32,182,44.31,BP
87,72.67,1,72.69,21,72.68,COP
87,81.28,30,81.3,29,81.29,XOM
88,221.37,6,221.4,3,221.4,AAPL
88,1826.55,1,1828.23,2,1827.72,AMZN
88,44.3,229,44.32,180,44.31,BP
88,72.67,2,72.69,21,72.68,COP
88,81.28,30,81.3,28,81.29,XOM
89,221.37,6,221.4,7,221.4,AAPL
89,1826.79,1,1828.23,6,1827.72,AMZN
89,44.3,229,44.32,180,44.31,BP
89,72.67,2,72.69,21,72.68,COP
89,81.28,30,81.3,28,81.29,XOM
90,221.37,6,221.4,7,221.4,AAPL
90,1826.79,1,1828.06,3,1827.72,AMZN
90,44.3,229,44.32,180,44.31,BP
90,72.68,4,72.7,2,72.69,COP
90,81.28,30,81.3,28,81.28,XOM
91,221.31,9,221.38,3,221.37,AAPL
91,1826.64,1,1828.06,6,1827.1,AMZN
91,44.31,22,44.32,81,44.31,BP
91,72.68,5,72.71,15,72.7,COP
91,81.28,22,81.3,18,81.28,XOM
92,221.31,8,221.35,6,221.37,AAPL
92,1826.64,1,1828.06,6,1827.1,AMZN
92,44.31,22,44.32,81,44.31,BP
92,72.68,5,72.71,18,72.7,COP
92,81.28,32,81.29,7,81.28,XOM
93,221.3,1,221.34,6,221.31,AAPL
93,1826.64,1,1827.71,8,1827.1,AMZN
93,44.31,22,44.32,91,44.31,BP
93,72.69,4,72.71,22,72.7,COP
93,81.29,10,81.3,32,81.29,XOM
94,221.29,1,221.33,12,221.3,AAPL
94,1827.0,1,1828.3,3,1827.99,AMZN
94,44.31,22,44.32,91,44.31,BP
94,72.7,3,72.72,30,72.71,COP
94,81.3,21,81.31,27,81.3,XOM
95,221.3,25,221.33,11,221.3,AAPL
95,1827.0,1,1828.23,3,1827.99,AMZN
95,44.31,22,44.32,91,44.31,BP
95,72.7,3,72.72,31,72.72,COP
95,81.3,21,81.31,29,81.31,XOM
96,221.3,25,221.33,2,221.32,AAPL
96,1827.0,1,1828.23,3,1827.99,AMZN
96,44.31,22,44.32,91,44.32,BP
96,72.7,5,72.72,31,72.72,COP
96,81.3,21,81.31,29,81.31,XOM
97,221.31,1,221.33,3,221.33,AAPL
97,1827.0,1,1828.2,4,1827.99,AMZN
97,44.31,22,44.32,99,44.32,BP
97,72.7,6,72.72,31,72.72,COP
97,81.3,28,81.31,29,81.3,XOM
98,221.34,2,221.36,1,221.34,AAPL
98,1827.0,1,1828.21,8,1827.99,AMZN
98,44.31,22,44.32,95,44.32,BP
98,72.7,6,72.72,31,72.72,COP
98,81.3,31,81.31,41,81.31,XOM
99,221.34,3,221.37,13,221.34,AAPL
99,1826.85,1,1828.21,9,1827.76,AMZN
99,44.32,15,44.33,14,44.33,BP
99,72.7,8,72.72,29,72.72,COP
99,81.31,7,81.32,52,81.31,XOM
100,221.35,2,221.38,5,221.37,AAPL
100,1827.34,1,1828.21,9,1827.76,AMZN
100,44.32,15,44.33,16,44.33,BP
100,72.7,6,72.72,29,72.72,COP
100,81.31,7,81.32,52,81.32,XOM
101,221.35,3,221.38,7,221.37,AAPL
101,1827.34,1,1828.21,9,1827.79,AMZN
101,44.32,15,44.33,16,44.33,BP
101,72.7,7,72.72,29,72.72,COP
101,81.31,13,81.32,52,81.32,XOM
102,221.3,26,221.36,1,221.36,AAPL
102,1827.42,2,1828.78,3,1828.21,AMZN
102,44.32,5,44.33,18,44.32,BP
102,72.7,12,72.72,32,72.7,COP
102,81.31,13,81.32,52,81.32,XOM
103,221.3,25,221.35,7,221.33,AAPL
103,1827.42,2,1828.78,6,1828.21,AMZN
103,44.31,39,44.32,21,44.32,BP
103,72.71,3,72.72,33,72.71,COP
103,81.31,12,81.32,52,81.32,XOM
104,221.2,9,221.22,7,221.21,AAPL
104,1826.6,1,1827.47,4,1827.2,AMZN
104,44.29,63,44.3,24,44.3,BP
104,72.65,7,72.67,4,72.68,COP
104,81.3,2,81.31,21,81.3,XOM
105,221.04,2,221.09,6,221.05,AAPL
105,1825.13,6,1826.16,1,1825.5,AMZN
105,44.29,19,44.3,2,44.3,BP
105,72.6,11,72.62,3,72.63,COP
105,81.24,36,81.26,8,81.25,XOM
106,221.08,3,221.11,5,221.06,AAPL
106,1824.07,1,1825.39,6,1825.39,AMZN
106,44.28,63,44.29,8,44.3,BP
106,72.57,27,72.59,4,72.59,COP
106,81.23,3,81.24,17,81.24,XOM
107,221.29,4,221.35,6,221.34,AAPL
107,1826.31,1,1827.82,1,1825.81,AMZN
107,44.3,13,44.32,27,44.29,BP
107,72.63,1,72.65,9,72.61,COP
107,81.28,1,81.29,13,81.28,XOM
108,221.2,9,221.28,2,221.21,AAPL
108,1825.0,1,1826.5,3,1826.89,AMZN
108,44.29,4,44.31,2,44.29,BP
108,72.59,7,72.62,1,72.62,COP
108,81.24,6,81.26,3,81.25,XOM
109,221.22,3,221.26,3,221.2,AAPL
109,1825.0,4,1826.5,15,1825.57,AMZN
109,44.29,3,44.31,2,44.29,BP
109,72.61,1,72.63,8,72.63,COP
109,81.26,6,81.28,9,81.26,XOM
110,221.28,8,221.34,1,221.27,AAPL
110,1825.78,1,1827.33,1,1825.57,AMZN
110,44.3,2,44.31,6,44.29,BP
110,72.63,9,72.65,5,72.64,COP
110,81.27,12,81.29,25,81.28,XOM
111,221.29,5,221.34,3,221.28,AAPL
111,1825.78,1,1827.47,1,1825.57,AMZN
111,44.3,2,44.31,6,44.29,BP
111,72.64,5,72.66,15,72.65,COP
111,81.28,3,81.29,21,81.28,XOM
112,221.33,7,221.38,16,221.33,AAPL
112,1827.35,1,1828.99,2,1827.4,AMZN
112,44.3,2,44.31,6,44.29,BP
112,72.65,15,72.67,6,72.66,COP
112,81.29,8,81.31,19,81.31,XOM
113,221.22,6,221.27,8,221.24,AAPL
113,1826.18,1,1827.59,3,1827.4,AMZN
113,44.29,23,44.3,41,44.3,BP
113,72.63,9,72.66,1,72.64,COP
113,81.26,9,81.27,2,81.27,XOM
114,221.05,3,221.09,3,221.07,AAPL
114,1824.21,1,1825.64,3,1825.0,AMZN
114,44.27,121,44.28,40,44.29,BP
114,72.55,8,72.58,9,72.57,COP
114,81.25,4,81.26,23,81.25,XOM
115,221.12,2,221.19,9,221.15,AAPL
115,1824.21,3,1826.14,3,1825.0,AMZN
115,44.27,126,44.28,39,44.29,BP
115,72.59,2,72.61,8,72.6,COP
115,81.26,8,81.28,10,81.27,XOM
116,221.25,4,221.32,5,221.21,AAPL
116,1825.31,1,1827.42,4,1825.94,AMZN
116,44.28,6,44.29,69,44.29,BP
116,72.61,6,72.64,7,72.61,COP
116,81.29,10,81.3,9,81.29,XOM
117,221.24,8,221.33,16,221.21,AAPL
117,1826.05,2,1827.44,6,1825.94,AMZN
117,44.28,6,44.29,69,44.29,BP
117,72.61,7,72.64,7,72.61,COP
117,81.28,18,81.3,14,81.29,XOM
118,221.25,13,221.33,19,221.21,AAPL
118,1826.05,1,1827.44,12,1826.36,AMZN
118,44.28,6,44.29,69,44.29,BP
118,72.61,7,72.64,7,72.64,COP
118,81.28,19,81.3,15,81.29,XOM
119,221.32,5,221.35,20,221.32,AAPL
119,1826.31,1,1827.9,1,1826.36,AMZN
119,44.28,24,44.29,73,44.29,BP
119,72.64,4,72.66,6,72.65,COP
119,81.3,9,81.31,30,81.3,XOM
120,221.14,8,221.22,8,221.27,AAPL
120,1826.36,2,1827.46,3,1827.31,AMZN
120,44.28,31,44.29,82,44.29,BP
120,72.59,8,72.63,11,72.61,COP
120,81.27,10,81.29,11,81.28,XOM
121,221.19,1,221.27,9,221.23,AAPL
121,1826.36,2,1827.48,4,1826.96,AMZN
121,44.27,139,44.28,77,44.28,BP
121,72.59,13,72.61,4,72.61,COP
121,81.25,17,81.27,16,81.26,XOM
122,221.24,2,221.28,3,221.27,AAPL
122,1826.36,2,1827.88,3,1826.96,AMZN
122,44.28,72,44.29,108,44.28,BP
122,72.59,13,72.61,5,72.61,COP
122,81.26,7,81.27,14,81.26,XOM
123,221.2,2,221.22,3,221.24,AAPL
123,1826.36,3,1827.48,6,1826.96,AMZN
123,44.28,87,44.29,131,44.29,BP
123,72.59,13,72.61,6,72.61,COP
123,81.26,5,81.27,16,81.26,XOM
124,221.11,3,221.16,5,221.17,AAPL
124,1826.0,5,1826.83,3,1826.36,AMZN
124,44.28,87,44.29,131,44.29,BP
124,72.59,13,72.61,6,72.61,COP
124,81.25,25,81.26,6,81.26,XOM
125,221.09,1,221.14,2,221.14,AAPL
125,1825.2,2,1826.0,22,1825.5,AMZN
125,44.27,155,44.28,74,44.28,BP
125,72.55,15,72.59,14,72.58,COP
125,81.23,18,81.25,3,81.25,XOM
126,221.06,2,221.1,1,221.07,AAPL
126,1824.38,2,1825.73,3,1825.2,AMZN
126,44.26,71,44.27,28,44.27,BP
126,72.55,18,72.58,1,72.59,COP
126,81.22,8,81.24,7,81.23,XOM
127,221.01,13,221.06,3,221.04,AAPL
127,1824.38,2,1825.74,3,1825.2,AMZN
127,44.26,76,44.27,27,44.27,BP
127,72.55,21,72.58,5,72.58,COP
127,81.22,8,81.24,9,81.23,XOM
128,221.07,5,221.09,3,221.09,AAPL
128,1824.22,1,1825.97,3,1825.2,AMZN
128,44.27,46,44.28,119,44.28,BP
128,72.57,2,72.58,6,72.58,COP
128,81.23,14,81.24,16,81.24,XOM
129,221.11,2,221.15,1,221.1,AAPL
129,1825.0,5,1826.13,5,1825.73,AMZN
129,44.27,46,44.28,119,44.28,BP
129,72.56,3,72.58,8,72.57,COP
129,81.23,11,81.24,18,81.23,XOM
130,221.16,4,221.22,5,221.19,AAPL
130,1826.16,1,1827.51,1,1826.13,AMZN
130,44.27,46,44.28,119,44.28,BP
130,72.57,1,72.58,10,72.57,COP
130,81.24,24,81.25,1,81.25,XOM
131,221.25,3,221.33,5,221.25,AAPL
131,1825.66,2,1827.88,2,1827.75,AMZN
131,44.28,1,44.29,57,44.28,BP
131,72.57,5,72.59,13,72.57,COP
131,81.24,13,81.25,1,81.25,XOM
132,221.22,10,221.27,4,221.25,AAPL
132,1825.66,2,1827.88,2,1827.75,AMZN
132,44.28,17,44.29,64,44.28,BP
132,72.57,6,72.59,13,72.57,COP
132,81.25,17,81.26,17,81.25,XOM
133,221.14,7,221.19,3,221.16,AAPL
133,1825.1,1,1826.98,5,1826.17,AMZN
133,44.28,17,44.29,88,44.28,BP
133,72.59,3,72.61,17,72.61,COP
133,81.25,20,81.26,4,81.26,XOM
134,221.2,5,221.25,2,221.2,AAPL
134,1825.66,1,1827.88,2,1826.17,AMZN
134,44.27,61,44.28,36,44.28,BP
134,72.59,3,72.61,17,72.61,COP
134,81.26,21,81.27,1,81.27,XOM
135,221.22,2,221.26,14,221.25,AAPL
135,1825.66,1,1827.85,2,1825.74,AMZN
135,44.27,59,44.28,56,44.28,BP
135,72.61,5,72.63,17,72.61,COP
135,81.27,4,81.28,17,81.28,XOM
136,221.25,4,221.3,22,221.25,AAPL
136,1826.0,1,1827.88,2,1825.74,AMZN
136,44.28,3,44.29,170,44.28,BP
136,72.61,12,72.64,3,72.61,COP
136,81.28,13,81.29,19,81.28,XOM
137,221.25,19,221.27,2,221.25,AAPL
137,1826.0,1,1827.48,3,1825.74,AMZN
137,44.27,48,44.28,16,44.28,BP
137,72.61,17,72.64,8,72.61,COP
137,81.25,27,81.26,8,81.26,XOM
138,221.33,4,221.36,2,221.35,AAPL
138,1826.0,1,1827.7,1,1825.74,AMZN
138,44.27,52,44.28,11,44.28,BP
138,72.61,18,72.64,8,72.61,COP
138,81.26,16,81.27,9,81.27,XOM
139,221.26,1,221.29,5,221.29,AAPL
139,1826.0,1,1827.48,2,1825.74,AMZN
139,44.27,52,44.28,11,44.28,BP
139,72.61,17,72.64,8,72.61,COP
139,81.26,15,81.27,10,81.27,XOM
140,221.26,19,221.31,8,221.3,AAPL
140,1826.0,1,1827.49,2,1827.2,AMZN
140,44.27,56,44.28,15,44.28,BP
140,72.62,3,72.65,3,72.64,COP
140,81.27,23,81.28,12,81.28,XOM
141,221.29,5,221.36,7,221.3,AAPL
141,1826.48,1,1828.0,2,1827.45,AMZN
141,44.27,60,44.28,15,44.28,BP
141,72.63,4,72.65,6,72.64,COP
141,81.27,23,81.28,1,81.28,XOM
142,221.29,19,221.36,23,221.3,AAPL
142,1826.48,1,1828.0,3,1827.66,AMZN
142,44.27,60,44.28,20,44.28,BP
142,72.63,3,72.65,6,72.65,COP
142,81.27,23,81.28,3,81.28,XOM
143,221.24,1,221.29,16,221.26,AAPL
143,1826.0,1,1827.5,5,1827.5,AMZN
143,44.26,79,44.27,56,44.28,BP
143,72.62,5,72.64,6,72.63,COP
143,81.26,28,81.27,51,81.26,XOM
144,221.25,1,221.29,4,221.29,AAPL
144,1826.17,1,1827.75,3,1827.5,AMZN
144,44.28,18,44.29,176,44.28,BP
144,72.63,1,72.64,7,72.63,COP
144,81.27,12,81.28,23,81.27,XOM
145,221.24,5,221.31,6,221.24,AAPL
145,1826.0,1,1827.47,4,1827.5,AMZN
145,44.28,81,44.29,195,44.28,BP
145,72.62,5,72.64,8,72.63,COP
145,81.27,21,81.28,18,81.28,XOM
146,221.25,5,221.31,8,221.24,AAPL
146,1826.0,1,1827.47,8,1826.27,AMZN
146,44.28,159,44.29,38,44.29,BP
146,72.65,3,72.67,22,72.64,COP
146,81.28,13,81.29,29,81.28,XOM
147,221.25,5,221.31,12,221.24,AAPL
147,1826.0,3,1827.47,7,1826.73,AMZN
147,44.28,159,44.29,38,44.29,BP
147,72.65,9,72.67,24,72.64,COP
147,81.28,15,81.29,33,81.28,XOM
148,221.27,9,221.3,5,221.29,AAPL
148,1826.25,1,1827.75,5,1826.73,AMZN
148,44.28,158,44.29,49,44.29,BP
148,72.65,11,72.67,24,72.64,COP
148,81.3,7,81.31,16,81.3,XOM
149,221.26,2,221.29,2,221.28,AAPL
149,1826.25,1,1827.75,15,1826.73,AMZN
149,44.29,90,44.3,121,44.29,BP
149,72.65,13,72.67,24,72.64,COP
149,81.31,19,81.32,49,81.31,XOM
150,221.26,2,221.3,6,221.27,AAPL
150,1826.25,1,1827.47,5,1826.73,AMZN
150,44.28,269,44.29,53,44.29,BP
150,72.66,3,72.67,27,72.66,COP
150,81.31,22,81.32,48,81.3,XOM
151,221.26,5,221.31,2,221.27,AAPL
151,1826.25,1,1827.47,5,1826.93,AMZN
151,44.28,269,44.29,54,44.29,BP
151,72.66,5,72.67,26,72.66,COP
151,81.31,24,81.32,48,81.3,XOM
152,221.22,8,221.26,2,221.23,AAPL
152,1826.25,2,1827.45,19,1826.93,AMZN
152,44.27,125,44.28,78,44.28,BP
152,72.62,8,72.64,11,72.63,COP
152,81.3,2,81.31,31,81.3,XOM
153,221.18,2,221.23,2,221.22,AAPL
153,1826.25,2,1827.46,5,1826.93,AMZN
153,44.27,148,44.28,78,44.28,BP
153,72.62,10,72.64,16,72.63,COP
153,81.28,25,81.29,8,81.29,XOM
154,221.01,12,221.09,2,221.04,AAPL
154,1824.0,1,1825.5,1,1825.11,AMZN
154,44.26,104,44.27,165,44.27,BP
154,72.59,1,72.6,6,72.59,COP
154,81.28,17,81.29,56,81.28,XOM
155,221.0,2,221.05,32,221.05,AAPL
155,1824.4,1,1825.75,1,1824.18,AMZN
155,44.26,125,44.27,163,44.27,BP
155,72.59,2,72.62,11,72.6,COP
155,81.27,28,81.28,23,81.27,XOM
156,221.05,5,221.13,12,221.05,AAPL
156,1824.53,2,1825.75,2,1825.03,AMZN
156,44.26,127,44.27,229,44.27,BP
156,72.59,6,72.62,11,72.6,COP
156,81.24,28,81.25,18,81.25,XOM
157,221.05,5,221.12,8,221.11,AAPL
157,1824.54,2,1825.75,2,1825.03,AMZN
157,44.26,33,44.27,256,44.26,BP
157,72.59,7,72.62,11,72.6,COP
157,81.24,32,81.25,36,81.24,XOM
158,221.05,5,221.12,10,221.11,AAPL
158,1824.57,1,1825.75,2,1825.03,AMZN
158,44.25,250,44.26,36,44.26,BP
158,72.59,10,72.61,4,72.61,COP
158,81.23,61,81.24,17,81.24,XOM
159,221.01,3,221.06,2,221.06,AAPL
159,1824.03,1,1825.78,1,1825.03,AMZN
159,44.25,250,44.26,36,44.26,BP
159,72.59,12,72.61,3,72.6,COP
159,81.25,26,81.26,112,81.25,XOM
160,221.04,4,221.08,2,221.06,AAPL
160,1824.0,1,1825.32,3,1825.2,AMZN
160,44.25,250,44.26,36,44.26,BP
160,72.59,12,72.61,5,72.6,COP
160,81.25,16,81.26,128,81.25,XOM
161,221.04,6,221.07,1,221.06,AAPL
161,1824.0,1,1825.38,1,1825.32,AMZN
161,44.25,250,44.26,57,44.26,BP
161,72.59,12,72.61,5,72.6,COP
161,81.25,11,81.26,130,81.25,XOM
162,220.94,34,220.95,34,220.95,AAPL
162,1824.0,1,1825.38,1,1825.32,AMZN
162,44.25,250,44.26,84,44.25,BP
162,72.58,15,72.6,8,72.59,COP
162,81.25,28,81.26,176,81.25,XOM
163,220.94,34,220.98,4,220.98,AAPL
163,1824.0,1,1825.38,3,1825.0,AMZN
163,44.25,262,44.26,95,44.25,BP
163,72.58,15,72.6,8,72.59,COP
163,81.25,10,81.26,210,81.25,XOM
164,220.98,1,221.06,3,221.03,AAPL
164,1824.41,1,1826.0,1,1824.79,AMZN
164,44.25,262,44.26,119,44.25,BP
164,72.58,2,72.59,8,72.58,COP
164,81.25,25,81.26,7,81.26,XOM
165,220.87,1,220.9,2,220.88,AAPL
165,1824.32,1,1824.73,1,1824.32,AMZN
165,44.24,151,44.25,73,44.25,BP
165,72.55,1,72.56,1,72.57,COP
165,81.23,21,81.24,13,81.24,XOM
166,220.85,10,220.89,4,220.85,AAPL
166,1823.33,3,1824.68,1,1824.32,AMZN
166,44.23,148,44.24,86,44.23,BP
166,72.52,19,72.55,11,72.54,COP
166,81.2,9,81.21,10,81.2,XOM
167,220.82,6,220.88,9,220.86,AAPL
167,1823.75,2,1825.23,1,1824.32,AMZN
167,44.23,147,44.24,97,44.23,BP
167,72.5,18,72.53,4,72.52,COP
167,81.19,12,81.2,31,81.19,XOM
168,220.82,8,220.86,9,220.82,AAPL
168,1823.33,3,1823.95,1,1823.77,AMZN
168,44.23,29,44.24,89,44.23,BP
168,72.51,3,72.53,7,72.52,COP
168,81.17,17,81.18,11,81.17,XOM
169,220.89,3,220.93,4,220.88,AAPL
169,1823.58,4,1825.23,1,1823.86,AMZN
169,44.23,64,44.24,85,44.23,BP
169,72.53,3,72.54,12,72.53,COP
169,81.17,36,81.18,16,81.18,XOM
170,220.87,1,220.9,2,220.87,AAPL
170,1823.33,10,1824.78,3,1823.95,AMZN
170,44.22,148,44.23,29,44.23,BP
170,72.52,1,72.53,1,72.53,COP
170,81.17,3,81.18,19,81.18,XOM
171,220.83,3,220.88,1,220.89,AAPL
171,1823.95,2,1824.64,1,1823.89,AMZN
171,44.22,152,44.23,41,44.23,BP
171,72.51,3,72.53,7,72.53,COP
171,81.16,6,81.17,15,81.16,XOM
172,220.81,17,220.86,5,220.82,AAPL
172,1823.33,10,1824.66,1,1823.95,AMZN
172,44.22,106,44.23,38,44.23,BP
172,72.51,3,72.53,7,72.53,COP
172,81.16,19,81.17,16,81.16,XOM
173,220.83,1,220.88,5,220.87,AAPL
173,1823.33,26,1824.65,2,1824.15,AMZN
173,44.23,73,44.24,213,44.23,BP
173,72.53,5,72.55,19,72.55,COP
173,81.16,19,81.17,42,81.16,XOM
174,220.83,6,220.88,21,220.88,AAPL
174,1823.5,1,1824.65,2,1824.15,AMZN
174,44.22,158,44.23,62,44.23,BP
174,72.52,5,72.54,11,72.53,COP
174,81.15,53,81.16,41,81.16,XOM
175,220.85,2,220.87,6,220.85,AAPL
175,1823.51,1,1824.62,2,1823.95,AMZN
175,44.22,163,44.23,54,44.23,BP
175,72.52,5,72.54,11,72.53,COP
175,81.15,10,81.16,56,81.16,XOM
176,220.85,2,220.9,4,220.87,AAPL
176,1823.64,1,1824.65,2,1823.95,AMZN
176,44.22,163,44.23,54,44.23,BP
176,72.52,5,72.54,13,72.53,COP
176,81.15,40,81.16,68,81.16,XOM
177,220.92,3,220.96,2,220.92,AAPL
177,1824.61,5,1826.0,3,1825.08,AMZN
177,44.22,163,44.23,52,44.23,BP
177,72.53,4,72.55,26,72.54,COP
177,81.15,64,81.16,69,81.16,XOM
178,220.97,16,221.01,1,220.98,AAPL
178,1824.83,3,1826.75,4,1825.04,AMZN
178,44.23,131,44.24,274,44.23,BP
178,72.55,2,72.56,8,72.55,COP
178,81.17,18,81.18,51,81.17,XOM
179,220.97,16,221.01,4,220.98,AAPL
179,1824.87,1,1826.75,4,1825.36,AMZN
179,44.23,131,44.24,274,44.23,BP
179,72.55,6,72.57,8,72.56,COP
179,81.17,8,81.18,72,81.17,XOM
180,220.92,6,220.97,6,220.97,AAPL
180,1824.72,1,1825.85,1,1825.71,AMZN
180,44.24,47,44.25,50,44.24,BP
180,72.55,6,72.57,9,72.56,COP
180,81.17,14,81.18,70,81.17,XOM
181,220.92,1,220.96,3,220.96,AAPL
181,1824.72,1,1825.84,1,1825.69,AMZN
181,44.24,75,44.25,70,44.24,BP
181,72.55,5,72.57,11,72.56,COP
181,81.17,35,81.18,22,81.18,XOM
182,220.95,7,221.02,21,221.0,AAPL
182,1824.72,1,1825.84,6,1825.42,AMZN
182,44.24,82,44.25,60,44.24,BP
182,72.55,7,72.57,11,72.56,COP
182,81.17,45,81.18,7,81.18,XOM
183,220.95,2,221.0,10,220.99,AAPL
183,1824.72,1,1825.98,1,1825.42,AMZN
183,44.24,82,44.25,55,44.24,BP
183,72.55,16,72.57,10,72.57,COP
183,81.18,20,81.19,32,81.18,XOM
184,220.95,6,220.99,3,220.95,AAPL
184,1825.49,4,1826.93,1,1825.6,AMZN
184,44.24,82,44.25,58,44.24,BP
184,72.57,3,72.59,3,72.57,COP
184,81.19,34,81.2,23,81.19,XOM
185,220.94,2,220.99,3,220.96,AAPL
185,1825.15,4,1826.75,4,1826.15,AMZN
185,44.24,84,44.25,66,44.24,BP
185,72.57,5,72.59,4,72.57,COP
185,81.18,18,81.19,5,81.19,XOM
186,220.94,5,220.98,3,220.95,AAPL
186,1825.4,1,1826.75,9,1826.07,AMZN
186,44.24,92,44.25,60,44.24,BP
186,72.57,6,72.59,3,72.59,COP
186,81.19,40,81.2,57,81.19,XOM
187,221.0,10,221.03,5,221.02,AAPL
187,1826.35,2,1827.0,1,1827.52,AMZN
187,44.25,141,44.26,109,44.25,BP
187,72.59,5,72.6,1,72.6,COP
187,81.21,1,81.22,31,81.21,XOM
188,221.02,6,221.06,5,221.05,AAPL
188,1826.35,2,1827.39,1,1827.0,AMZN
188,44.25,152,44.26,140,44.25,BP
188,72.59,7,72.62,24,72.6,COP
188,81.22,31,81.23,18,81.22,XOM
189,221.0,10,221.03,4,221.05,AAPL
189,1826.35,2,1827.75,8,1827.0,AMZN
189,44.25,165,44.26,149,44.25,BP
189,72.59,7,72.62,24,72.6,COP
189,81.2,53,81.21,1,81.21,XOM
190,220.98,7,221.04,3,220.99,AAPL
190,1826.32,4,1827.75,8,1827.0,AMZN
190,44.25,165,44.26,149,44.25,BP
190,72.61,1,72.63,12,72.62,COP
190,81.21,14,81.22,43,81.21,XOM
191,221.0,1,221.04,4,221.02,AAPL
191,1826.32,4,1827.73,3,1827.18,AMZN
191,44.25,165,44.26,149,44.25,BP
191,72.61,1,72.63,12,72.62,COP
191,81.2,55,81.21,8,81.21,XOM
192,221.04,9,221.1,5,221.09,AAPL
192,1826.78,2,1827.75,8,1827.67,AMZN
192,44.25,54,44.26,77,44.25,BP
192,72.61,3,72.63,8,72.62,COP
192,81.2,9,81.21,31,81.2,XOM
193,221.05,3,221.11,17,221.09,AAPL
193,1827.01,2,1828.0,7,1827.74,AMZN
193,44.25,69,44.26,126,44.25,BP
193,72.61,6,72.63,8,72.62,COP
193,81.2,20,81.21,60,81.2,XOM
194,221.05,11,221.11,26,221.1,AAPL
194,1826.44,1,1827.99,2,1827.63,AMZN
194,44.26,23,44.27,84,44.26,BP
194,72.63,6,72.66,10,72.64,COP
194,81.21,33,81.22,54,81.21,XOM
195,221.05,11,221.1,6,221.1,AAPL
195,1826.49,1,1827.97,1,1827.4,AMZN
195,44.26,25,44.27,95,44.26,BP
195,72.63,6,72.66,10,72.64,COP
195,81.22,35,81.23,22,81.22,XOM
196,221.02,10,221.07,5,221.05,AAPL
196,1826.49,4,1827.98,3,1827.4,AMZN
196,44.26,32,44.27,92,44.26,BP
196,72.63,9,72.66,12,72.64,COP
196,81.23,14,81.24,23,81.24,XOM
197,220.93,11,220.98,4,220.99,AAPL
197,1826.49,6,1827.49,3,1827.4,AMZN
197,44.26,77,44.27,84,44.26,BP
197,72.65,2,72.66,13,72.64,COP
197,81.23,26,81.24,24,81.24,XOM
198,220.95,11,221.0,6,220.98,AAPL
198,1826.51,2,1827.71,1,1827.4,AMZN
198,44.26,77,44.27,86,44.26,BP
198,72.66,7,72.68,3,72.67,COP
198,81.25,10,81.26,45,81.25,XOM
199,221.0,2,221.03,5,221.03,AAPL
199,1826.99,5,1828.28,2,1827.99,AMZN
199,44.26,85,44.27,109,44.26,BP
199,72.66,7,72.68,3,72.67,COP
199,81.24,49,81.25,3,81.25,XOM
